sample_id,gene,protein_change,variant_classification,chr,startPosition,referenceAllele,variantAllele,ref_aa,protein_pos,alt_aa,uniprot_id,am_key,am_pathogenicity,am_class,hrr_cohort
TCGA-KK-A8IF-01,ATM,R337C,Missense_Mutation,11,108117798,C,T,R,337,C,Q13315,Q13315_337_R_C,0.3232,benign,A
TCGA-J4-A67Q-01,ATM,L1078V,Missense_Mutation,11,108143527,C,G,L,1078,V,Q13315,Q13315_1078_L_V,0.2514,benign,A
TCGA-EJ-7784-01,ATM,H1568L,Missense_Mutation,11,108164131,A,T,H,1568,L,Q13315,Q13315_1568_H_L,0.0822,benign,A
TCGA-CH-5762-01,ATM,G1672A,Missense_Mutation,11,108170450,G,C,G,1672,A,Q13315,Q13315_1672_G_A,0.1741,benign,A
TCGA-M7-A725-01,ATM,I1846N,Missense_Mutation,11,108175442,T,A,I,1846,N,Q13315,Q13315_1846_I_N,0.688,pathogenic,A
TCGA-EJ-5518-01,ATM,L1936S,Missense_Mutation,11,108180931,T,C,L,1936,S,Q13315,Q13315_1936_L_S,0.8693,pathogenic,A
TCGA-EJ-5511-01,ATM,E2164K,Missense_Mutation,11,108192065,G,A,E,2164,K,Q13315,Q13315_2164_E_K,0.8689,pathogenic,A
TCGA-VN-A88K-01,ATM,R2453P,Missense_Mutation,11,108200991,G,C,R,2453,P,Q13315,Q13315_2453_R_P,0.7065,pathogenic,A
TCGA-HC-8260-01,ATM,G2694R,Missense_Mutation,11,108205765,G,A,G,2694,R,Q13315,Q13315_2694_G_R,0.9621,pathogenic,A
TCGA-CH-5737-01,ATM,G2695S,Missense_Mutation,11,108205768,G,A,G,2695,S,Q13315,Q13315_2695_G_S,0.9738,pathogenic,A
TCGA-HC-A4ZV-01,ATM,G2786S,Missense_Mutation,11,108214036,G,A,G,2786,S,Q13315,Q13315_2786_G_S,0.1761,benign,A
TCGA-G9-7521-01,ATM,N2875K,Missense_Mutation,11,108218046,T,A,N,2875,K,Q13315,Q13315_2875_N_K,0.9995,pathogenic,A
TCGA-YL-A8S9-01,ATM,N2875S,Missense_Mutation,11,108218045,A,G,N,2875,S,Q13315,Q13315_2875_N_S,0.9982,pathogenic,A
TCGA-YL-A8SC-01,ATM,G2919S,Missense_Mutation,11,108224576,G,A,G,2919,S,Q13315,Q13315_2919_G_S,0.9472,pathogenic,A
TCGA-G9-7510-01,ATM,V2937G,Missense_Mutation,11,108225561,T,G,V,2937,G,Q13315,Q13315_2937_V_G,0.5956,pathogenic,A
TCGA-V1-A8WL-01,ATR,R336W,Missense_Mutation,3,142281238,G,A,R,336,W,Q13535,Q13535_336_R_W,0.1132,benign,Ext
TCGA-M7-A725-01,ATR,D1559E,Missense_Mutation,3,142231277,G,C,D,1559,E,Q13535,Q13535_1559_D_E,0.1033,benign,Ext
TCGA-G9-6496-01,ATRX,M1556T,Missense_Mutation,23,76891438,A,G,M,1556,T,P46100,P46100_1556_M_T,0.8887,pathogenic,Ext
TCGA-VP-A878-01,ATRX,M1920I,Missense_Mutation,23,76855227,C,A,M,1920,I,P46100,P46100_1920_M_I,0.6814,pathogenic,Ext
TCGA-J4-AAU2-01,ATRX,I2050S,Missense_Mutation,23,76845372,A,C,I,2050,S,P46100,P46100_2050_I_S,0.9959,pathogenic,Ext
TCGA-EJ-7797-01,BARD1,H36Y,Missense_Mutation,2,215674188,G,A,H,36,Y,Q99728,Q99728_36_H_Y,0.1035,benign,B
TCGA-FC-7961-01,BARD1,P281S,Missense_Mutation,2,215645757,G,A,P,281,S,Q99728,Q99728_281_P_S,0.1378,benign,B
TCGA-XK-AAIW-01,BARD1,P315S,Missense_Mutation,2,215645655,G,A,P,315,S,Q99728,Q99728_315_P_S,0.0795,benign,B
TCGA-VP-AA1N-01,BARD1,S551L,Missense_Mutation,2,215617196,G,A,S,551,L,Q99728,Q99728_551_S_L,0.0818,benign,B
TCGA-XQ-A8TA-01,BRCA1,E181D,Missense_Mutation,17,41251796,T,G,E,181,D,P38398,P38398_181_E_D,0.1936,benign,A
TCGA-HC-A4ZV-01,BRCA2,D281H,Missense_Mutation,13,32906456,G,C,D,281,H,P51587,P51587_281_D_H,0.2544,benign,A
TCGA-CH-5764-01,BRCA2,N1435T,Missense_Mutation,13,32912796,A,C,N,1435,T,P51587,P51587_1435_N_T,0.1526,benign,A
TCGA-XK-AAIW-01,BRCA2,E2275D,Missense_Mutation,13,32915317,G,T,E,2275,D,P51587,P51587_2275_E_D,0.0749,benign,A
TCGA-XK-AAIW-01,BRIP1,A349V,Missense_Mutation,17,59878708,G,A,A,349,V,Q9BX63,Q9BX63_349_A_V,0.223,benign,B
TCGA-YL-A9WH-01,BRIP1,L1158F,Missense_Mutation,17,59760933,C,A,L,1158,F,Q9BX63,Q9BX63_1158_L_F,0.0639,benign,B
TCGA-KK-A8ID-01,CDK12,E774K,Missense_Mutation,17,37650848,G,A,E,774,K,Q9NYV4,Q9NYV4_774_E_K,0.9998,pathogenic,B
TCGA-EJ-A46G-01,CDK12,R858W,Missense_Mutation,17,37657655,C,T,R,858,W,Q9NYV4,Q9NYV4_858_R_W,0.9988,pathogenic,B
TCGA-HC-A6HX-01,CDK12,G909E,Missense_Mutation,17,37667841,G,A,G,909,E,Q9NYV4,Q9NYV4_909_G_E,0.9999,pathogenic,B
TCGA-KK-A59X-01,CDK12,S1066P,Missense_Mutation,17,37681027,T,C,S,1066,P,Q9NYV4,Q9NYV4_1066_S_P,0.0718,benign,B
TCGA-EJ-7784-01,CDK12,G1446E,Missense_Mutation,17,37687433,G,A,G,1446,E,Q9NYV4,Q9NYV4_1446_G_E,0.1676,benign,B
TCGA-XK-AAIW-01,FANCC,A421T,Missense_Mutation,9,97873813,C,T,A,421,T,Q00597,Q00597_421_A_T,0.1091,benign,Ext
TCGA-EJ-7325-01,FANCD2,V725M,Missense_Mutation,3,10107082,G,A,V,725,M,Q9BXW9,Q9BXW9_725_V_M,0.1524,benign,Ext
TCGA-YL-A8HK-01,FANCF,T21S,Missense_Mutation,11,22647295,G,C,T,21,S,Q9NPI8,Q9NPI8_21_T_S,0.0988,benign,Ext
TCGA-CH-5791-01,FANCG,R353S,Missense_Mutation,9,35076446,C,A,R,353,S,O15287,O15287_353_R_S,0.8021,pathogenic,Ext
TCGA-HC-7081-01,FANCL,P242H,Missense_Mutation,2,58390619,G,T,P,242,H,Q9NW38,Q9NW38_242_P_H,0.6408,pathogenic,B
TCGA-XK-AAIW-01,NBN,T360I,Missense_Mutation,8,90970998,G,A,T,360,I,O60934,O60934_360_T_I,0.1098,benign,Ext
TCGA-Y6-A8TL-01,NBN,F567L,Missense_Mutation,8,90965618,A,G,F,567,L,O60934,O60934_567_F_L,0.2591,benign,Ext
TCGA-XK-AAIW-01,PALB2,A712V,Missense_Mutation,16,23641340,G,A,A,712,V,Q86YC2,Q86YC2_712_A_V,0.0759,benign,B
TCGA-KK-A59Z-01,PALB2,E837K,Missense_Mutation,16,23640966,C,T,E,837,K,Q86YC2,Q86YC2_837_E_K,0.0943,benign,B
TCGA-J4-A83M-01,PALB2,I1013V,Missense_Mutation,16,23632759,T,C,I,1013,V,Q86YC2,Q86YC2_1013_I_V,0.0695,benign,B
TCGA-XK-AAIW-01,RAD50,R535H,Missense_Mutation,5,131927067,G,A,R,535,H,Q92878,Q92878_535_R_H,0.1472,benign,Ext
TCGA-XK-AAIW-01,RAD51B,S75P,Missense_Mutation,14,68301821,T,C,S,75,P,O15315,O15315_75_S_P,0.1169,benign,B
TCGA-XK-AAIW-01,RAD51B,G108S,Missense_Mutation,14,68331726,G,A,G,108,S,O15315,O15315_108_G_S,0.5131,ambiguous,B
TCGA-KK-A8IM-01,RAD51B,A222T,Missense_Mutation,14,68353829,G,A,A,222,T,O15315,O15315_222_A_T,0.0569,benign,B
TCGA-HC-A8CY-01,RAD51D,V100I,Missense_Mutation,17,33430506,C,T,V,100,I,O75771,O75771_100_V_I,,,B
TCGA-XK-AAIW-01,RAD54L,A264T,Missense_Mutation,1,46726956,G,A,A,264,T,Q92698,Q92698_264_A_T,0.0683,benign,B
TCGA-HC-7747-01,RAD54L,R380W,Missense_Mutation,1,46736426,C,T,R,380,W,Q92698,Q92698_380_R_W,0.5715,pathogenic,B
